<?xml version='1.0' encoding='UTF-8' ?><scene title="combine" width="720" height="720" exportWidth="720" exportHeight="720" precompose="dynamicResolution" bgcolor="#ff000000" totalTime="10232" fps="30" modifiedTime="1767094749414" amver="1028412" ffver="106" am="com.alightcreative.motion/5.0.273.1028412" amplatform="android" retime="freeze" retimeAdaptFPS="false"><media uri="content://media/external/images/media/1000118763" type="image/png" duration="0" orientation="0" infoUpdated="1767094734185" width="0" height="0" /><media uri="content://media/external/images/media/1000118764" type="image/png" duration="0" orientation="0" infoUpdated="1767094734185" width="0" height="0" /><media uri="content://media/external/images/media/1000118765" type="image/png" duration="0" orientation="0" infoUpdated="1767094734185" width="0" height="0" /><media uri="am:6E7AED5DAE2F52FC627F280829454987E04529C7.png" filename="1714118587965.png" title="1714118587965.png" type="image/png" size="27869" sig="6E7AED5DAE2F52FC627F280829454987E04529C7" orientation="0" infoUpdated="1767094734185" width="640" height="630" /><media uri="am:64460C6E24400541FA72A7B03D201330DDD67F5A.png" filename="1714119410989.png" title="1714119410989.png" type="image/png" size="82311" sig="64460C6E24400541FA72A7B03D201330DDD67F5A" orientation="0" infoUpdated="1767094734185" width="736" height="736" /><media uri="am:DA13EE051E1FA5C5D9598B140E514924DF3EB7BF.png" filename="1714118575343.png" title="1714118575343.png" type="image/png" size="36151" sig="DA13EE051E1FA5C5D9598B140E514924DF3EB7BF" orientation="0" infoUpdated="1767094734185" width="736" height="736" /><media uri="am:E190A81A32586CF60D726E8D44BD2490A1E50183.png" filename="1714120201042.png" title="1714120201042.png" type="image/png" size="51149" sig="E190A81A32586CF60D726E8D44BD2490A1E50183" orientation="0" infoUpdated="1767094734185" width="720" height="936" /><media uri="am:374E01386F25B16DB095089B934A7C9492D7F13D.png" filename="1714120574747.png" title="1714120574747.png" type="image/png" size="54572" sig="374E01386F25B16DB095089B934A7C9492D7F13D" orientation="0" infoUpdated="1767094734185" width="487" height="626" /><media uri="content://media/external/audio/media/1000118689" filename="PRESET ALIGHT MOTION HER - JVKE __ SIMPLE GMV TRENDING STYLE(MP3_160K).mp3" title="PRESET ALIGHT MOTION HER - JVKE __ SIMPLE GMV TRENDING STYLE(MP3_160K).mp3" type="audio/mpeg" duration="17880000" size="363755" infoUpdated="1767094734185" /><media uri="content://media/external/video/media/1000118776" type="video/mp4" duration="5034700" orientation="0" infoUpdated="1767094748981" width="1440" height="1080" /><media uri="content://media/external/images/media/1000118746" type="image/jpeg" duration="0" orientation="0" infoUpdated="1767094734185" width="0" height="0" /><bookmark t="5516" /><bookmark t="16" /><shape id="10342851" label="Persegi panjang 1" startTime="33" endTime="3032" fillType="color" speed="0.670185" mediaFillMode="fill" parent="10342855" s=".rect"><transform><location value="0.000000,0.000000,-102.951050" /><scale value="3.810000,3.810000" /></transform><fillColor value="#fffff185" /><effect id="com.alightcreative.effects.radialrays" locallyApplied="true"><property name="pointCount" type="float" value="17.000000" /><property name="rayWidth" type="float" value="0.097000" /><property name="angle" type="float"><kf t="0.000000" v="0.000000" /></property><property name="color" type="color" value="#fff4b446" /><property name="alpha" type="float" value="0.730000" /><property name="blendMode" type="int" value="0" /><property name="innerRadius" type="float" value="0.000000" /><property name="outerRadius" type="float" value="1.000000" /><property name="feather" type="float" value="19.000000" /><property name="radialFeather" type="float" value="1.000000" /><property name="bendStrength" type="float" value="0.000000" /><property name="bendFrequency" type="float" value="50.000000" /><property name="bendPhase" type="float" value="0.000000" /></effect><property name="size" type="vec2" value="100.000000,100.000000" /></shape><shape id="10342852" label="Proyek Baru 133 [751E76D].png" startTime="33" endTime="3032" fillType="media" fillImage="content://media/external/images/media/1000118763" speed="0.677559" mediaFillMode="fill" parent="10342855" s=".rect"><transform><location value="110.386169,-117.444580,-179.918701" /><scale value="0.276389,0.276389" /><rotation value="17.560974" /></transform><effect id="com.alightcreative.effects.flip3" locallyApplied="false"><property name="angle" type="float" value="34.700001" /><property name="axis" type="float" value="39.000000" /><property name="crop" type="float" value="1.000000" /><property name="zdist" type="float" value="0.000000" /><property name="solid" type="bool" value="false" /><property name="solidColor" type="color" value="#ffdd4455" /><property name="thickness" type="float" value="1.000000" /><property name="enableLight" type="bool" value="false" /><property name="lightIntensity" type="float" value="1.000000" /><property name="lightColor" type="color" value="#ffffffff" /><property name="shine" type="float" value="0.800000" /><property name="spec" type="float" value="30.000000" /><property name="ambient" type="float" value="0.100000" /><property name="lightDir" type="vec2" value="75.000000,-75.000000" /><property name="lightDepth" type="float" value="-100.000000" /></effect><shadow direction="outside"><opacity value="0.590000" /><offset value="10.000000,3.000000" /></shadow><property name="size" type="vec2" value="360.000000,360.000000" /></shape><shape id="10342853" label="Proyek Baru 133 [751E76D].png Copy" startTime="33" endTime="3032" fillType="media" fillImage="content://media/external/images/media/1000118764" speed="0.677559" mediaFillMode="fill" parent="10342855" s=".rect"><transform><location value="-88.738770,-19.002686,-322.846924" /><scale value="0.276389,0.276389" /><rotation value="-15.365845" /></transform><effect id="com.alightcreative.effects.flip3" locallyApplied="false"><property name="angle" type="float" value="44.700001" /><property name="axis" type="float" value="227.000000" /><property name="crop" type="float" value="1.000000" /><property name="zdist" type="float" value="0.000000" /><property name="solid" type="bool" value="false" /><property name="solidColor" type="color" value="#ffdd4455" /><property name="thickness" type="float" value="1.000000" /><property name="enableLight" type="bool" value="false" /><property name="lightIntensity" type="float" value="1.000000" /><property name="lightColor" type="color" value="#ffffffff" /><property name="shine" type="float" value="0.800000" /><property name="spec" type="float" value="30.000000" /><property name="ambient" type="float" value="0.100000" /><property name="lightDir" type="vec2" value="75.000000,-75.000000" /><property name="lightDepth" type="float" value="-100.000000" /></effect><shadow direction="outside"><opacity value="0.680000" /><offset value="-14.000000,11.000000" /></shadow><property name="size" type="vec2" value="360.000000,360.000000" /></shape><shape id="10342854" label="Proyek Baru 133 [751E76D].png Copy 2" startTime="33" endTime="3032" fillType="media" fillImage="content://media/external/images/media/1000118765" speed="0.677559" mediaFillMode="fit" parent="10342855" s=".rect"><transform><location value="41.838257,46.283203,-435.291260" /><scale value="0.276389,0.276389" /><rotation value="-15.365845" /></transform><effect id="com.alightcreative.effects.flip3" locallyApplied="false"><property name="angle" type="float" value="50.500000" /><property name="axis" type="float" value="676.000000" /><property name="crop" type="float" value="1.000000" /><property name="zdist" type="float" value="0.000000" /><property name="solid" type="bool" value="false" /><property name="solidColor" type="color" value="#ffdd4455" /><property name="thickness" type="float" value="1.000000" /><property name="enableLight" type="bool" value="false" /><property name="lightIntensity" type="float" value="1.000000" /><property name="lightColor" type="color" value="#ffffffff" /><property name="shine" type="float" value="0.800000" /><property name="spec" type="float" value="30.000000" /><property name="ambient" type="float" value="0.100000" /><property name="lightDir" type="vec2" value="75.000000,-75.000000" /><property name="lightDepth" type="float" value="-100.000000" /></effect><shadow direction="outside"><opacity value="0.690000" /><offset value="10.000000,3.000000" /></shadow><property name="size" type="vec2" value="360.000000,360.000000" /></shape><nullobj id="10342855" label="Nol 1" startTime="0" endTime="3032" speed="0.670185" mediaFillMode="fill" parent="10342856" type="perspective"><transform><location><kf t="0.000000" v="-74.814941,115.274658,-398.824707" /><kf t="0.324208" v="-74.814941,115.274658,-254.886230" e="cubicBezier 0.0 0.89177626 0.58 1.0" /></location><rotation><kf t="0.005607" v="0.000000" /><kf t="0.324208" v="9.878049" e="cubicBezier 0.0 0.66638184 0.58 1.0" /></rotation></transform></nullobj><nullobj id="10342856" label="Nol 1 Copy" startTime="0" endTime="3032" speed="0.670185" mediaFillMode="fill" parent="10342857" type="perspective"><transform><location><kf t="0.214380" v="0.000000,0.000000,0.000000" /><kf t="0.643140" v="113.278137,-102.700912,90.455933" e="cubicBezier 0.42 0.0 0.0 1.0" /></location><rotation><kf t="0.214380" v="0.000000" /><kf t="0.643140" v="-12.073181" e="cubicBezier 0.42 0.0 0.0 1.0" /></rotation></transform></nullobj><nullobj id="10342857" label="Nol 1 Copy 2" startTime="0" endTime="3032" speed="0.670185" mediaFillMode="fill" parent="10342858" type="perspective"><transform><location><kf t="0.533311" v="0.000000,0.000000,0.000000" /><kf t="0.874011" v="-31.870850,-72.364349,96.453613" e="cubicBezier 0.42 0.0 0.0 1.0" /></location><rotation><kf t="0.533311" v="0.000000" /><kf t="0.874011" v="27.439026" e="cubicBezier 0.42 0.0 0.0 1.0" /></rotation></transform></nullobj><nullobj id="10342858" label="Nol 1 Copy 3" startTime="0" endTime="3032" speed="0.670185" mediaFillMode="fill" type="perspective"><transform><location><kf t="0.785950" v="360.000000,360.000000,0.000000" /><kf t="1.000000" v="312.584473,360.000000,0.000000" e="cubicBezier 0.42 0.0 1.0 0.39731675" /></location><rotation><kf t="0.785950" v="0.000000" /><kf t="1.000000" v="-15.365845" e="cubicBezier 0.42 0.0 1.0 0.26991898" /></rotation></transform></nullobj><shape id="10342859" label="1714118587965.png" startTime="0" endTime="3032" fillType="media" fillImage="am:6E7AED5DAE2F52FC627F280829454987E04529C7.png" speed="0.670185" mediaFillMode="fill" parent="10342855" s=".rect"><transform><location value="21.319727,-52.996964,-216.077225" /><scale value="0.105556,0.105556" /><rotation><kf t="0.000000" v="-34.024384" /><kf t="1.000000" v="-45.000000" /></rotation></transform><shadow direction="outside"><opacity value="0.460000" /><offset value="4.000000,7.000000" /></shadow><property name="size" type="vec2" value="360.000000,354.000000" /></shape><text id="10342860" startTime="33" endTime="3000" fillType="color" mediaFillMode="fill" parent="10342855" size="18.000000" font="googlefonts?name=Poppins&amp;weight=800" wrapWidth="512" align="center"><transform><location value="18.739103,-150.095322,-214.556274" /><scale value="0.505859,0.505859" /><rotation value="-9.382158" /></transform><effect id="com.alightcreative.effects.textspacing" locallyApplied="false"><property name="letterspacing" type="float" value="0.070000" /><property name="linespacing" type="float" value="1.000000" /></effect><effect id="com.alightcreative.effects.longshadow2" locallyApplied="false"><property name="size" type="float" value="0.013000" /><property name="angle" type="float" value="45.000000" /><property name="color" type="color" value="#ffb1a293" /><property name="alpha" type="float" value="1.000000" /><property name="solidity" type="float" value="1.000000" /><property name="fill" type="float" value="1.000000" /><property name="fade" type="float" value="0.000000" /><property name="fadeType" type="int" value="0" /></effect><effect id="com.alightcreative.effects.flip3" locallyApplied="false"><property name="angle" type="float"><kf t="0.000000" v="48.000000" /><kf t="0.163128" v="-9.800000" e="elastic 0.25 1.0 0.0 0.30911887" /></property><property name="axis" type="float" value="0.000000" /><property name="crop" type="float" value="1.000000" /><property name="zdist" type="float" value="0.000000" /><property name="solid" type="bool" value="false" /><property name="solidColor" type="color" value="#ffdd4455" /><property name="thickness" type="float" value="1.000000" /><property name="enableLight" type="bool" value="false" /><property name="lightIntensity" type="float" value="1.000000" /><property name="lightColor" type="color" value="#ffffffff" /><property name="shine" type="float" value="0.800000" /><property name="spec" type="float" value="30.000000" /><property name="ambient" type="float" value="0.100000" /><property name="lightDir" type="vec2" value="75.000000,-75.000000" /><property name="lightDepth" type="float" value="-100.000000" /></effect><path-stroke direction="centered" end-size="1.500000"><color value="#fff4b446" /><size value="3.000000" /></path-stroke><content>i didn't </content></text><text id="10342861" label="Cause Copy" startTime="267" endTime="3000" fillType="color" speed="1.085620" mediaFillMode="fill" parent="10342855" size="18.000000" font="googlefonts?name=Poppins&amp;weight=800" wrapWidth="512" align="center"><transform><location value="35.390488,-121.980141,-214.556274" /><scale value="0.505859,0.505859" /><rotation value="-9.382158" /></transform><effect id="com.alightcreative.effects.textspacing" locallyApplied="false"><property name="letterspacing" type="float" value="0.070000" /><property name="linespacing" type="float" value="1.000000" /></effect><effect id="com.alightcreative.effects.longshadow2" locallyApplied="false"><property name="size" type="float" value="0.013000" /><property name="angle" type="float" value="45.000000" /><property name="color" type="color" value="#ffb1a293" /><property name="alpha" type="float" value="1.000000" /><property name="solidity" type="float" value="1.000000" /><property name="fill" type="float" value="1.000000" /><property name="fade" type="float" value="0.000000" /><property name="fadeType" type="int" value="0" /></effect><effect id="com.alightcreative.effects.flip3" locallyApplied="false"><property name="angle" type="float"><kf t="0.000000" v="48.000000" /><kf t="0.163128" v="-9.800000" e="elastic 0.25 1.0 0.0 0.30911887" /></property><property name="axis" type="float" value="0.000000" /><property name="crop" type="float" value="1.000000" /><property name="zdist" type="float" value="0.000000" /><property name="solid" type="bool" value="false" /><property name="solidColor" type="color" value="#ffdd4455" /><property name="thickness" type="float" value="1.000000" /><property name="enableLight" type="bool" value="false" /><property name="lightIntensity" type="float" value="1.000000" /><property name="lightColor" type="color" value="#ffffffff" /><property name="shine" type="float" value="0.800000" /><property name="spec" type="float" value="30.000000" /><property name="ambient" type="float" value="0.100000" /><property name="lightDir" type="vec2" value="75.000000,-75.000000" /><property name="lightDepth" type="float" value="-100.000000" /></effect><path-stroke direction="centered" end-size="1.500000"><color value="#fff4b446" /><size value="3.000000" /></path-stroke><content>know</content></text><text id="10342862" label="Cause Copy 2" startTime="533" endTime="3032" fillType="color" speed="1.141154" mediaFillMode="fill" parent="10342855" size="18.000000" font="googlefonts?name=Poppins&amp;weight=800" wrapWidth="512" align="center"><transform><location value="22.912052,-89.757782,-214.556274" /><scale value="0.505859,0.505859" /><rotation value="-9.382158" /></transform><effect id="com.alightcreative.effects.textspacing" locallyApplied="false"><property name="letterspacing" type="float" value="0.070000" /><property name="linespacing" type="float" value="1.000000" /></effect><effect id="com.alightcreative.effects.longshadow2" locallyApplied="false"><property name="size" type="float" value="0.013000" /><property name="angle" type="float" value="45.000000" /><property name="color" type="color" value="#ffb1a293" /><property name="alpha" type="float" value="1.000000" /><property name="solidity" type="float" value="1.000000" /><property name="fill" type="float" value="1.000000" /><property name="fade" type="float" value="0.000000" /><property name="fadeType" type="int" value="0" /></effect><effect id="com.alightcreative.effects.flip3" locallyApplied="false"><property name="angle" type="float"><kf t="0.000000" v="48.000000" /><kf t="0.169721" v="-9.800000" e="elastic 0.25 1.0 0.0 0.30911887" /></property><property name="axis" type="float" value="0.000000" /><property name="crop" type="float" value="1.000000" /><property name="zdist" type="float" value="0.000000" /><property name="solid" type="bool" value="false" /><property name="solidColor" type="color" value="#ffdd4455" /><property name="thickness" type="float" value="1.000000" /><property name="enableLight" type="bool" value="false" /><property name="lightIntensity" type="float" value="1.000000" /><property name="lightColor" type="color" value="#ffffffff" /><property name="shine" type="float" value="0.800000" /><property name="spec" type="float" value="30.000000" /><property name="ambient" type="float" value="0.100000" /><property name="lightDir" type="vec2" value="75.000000,-75.000000" /><property name="lightDepth" type="float" value="-100.000000" /></effect><path-stroke direction="centered" end-size="1.500000"><color value="#fff4b446" /><size value="3.000000" /></path-stroke><content>what</content></text><text id="10342863" label="Cause Copy 3" startTime="1100" endTime="3000" fillType="color" speed="1.561579" mediaFillMode="fill" parent="10342855" size="18.000000" font="googlefonts?name=Poppins&amp;weight=800" wrapWidth="512" align="center"><transform><location value="-36.564434,-23.726570,-371.802979" /><scale value="0.300781,0.300781" /></transform><effect id="com.alightcreative.effects.textspacing" locallyApplied="false"><property name="letterspacing" type="float" value="0.070000" /><property name="linespacing" type="float" value="1.000000" /></effect><effect id="com.alightcreative.effects.longshadow2" locallyApplied="false"><property name="size" type="float" value="0.013000" /><property name="angle" type="float" value="45.000000" /><property name="color" type="color" value="#ffb1a293" /><property name="alpha" type="float" value="1.000000" /><property name="solidity" type="float" value="1.000000" /><property name="fill" type="float" value="1.000000" /><property name="fade" type="float" value="0.000000" /><property name="fadeType" type="int" value="0" /></effect><effect id="com.alightcreative.effects.flip3" locallyApplied="false"><property name="angle" type="float"><kf t="0.000000" v="48.000000" /><kf t="0.306842" v="-9.800000" e="elastic 0.25 1.0 0.0 0.30911887" /></property><property name="axis" type="float" value="0.000000" /><property name="crop" type="float" value="1.000000" /><property name="zdist" type="float" value="0.000000" /><property name="solid" type="bool" value="false" /><property name="solidColor" type="color" value="#ffdd4455" /><property name="thickness" type="float" value="1.000000" /><property name="enableLight" type="bool" value="false" /><property name="lightIntensity" type="float" value="1.000000" /><property name="lightColor" type="color" value="#ffffffff" /><property name="shine" type="float" value="0.800000" /><property name="spec" type="float" value="30.000000" /><property name="ambient" type="float" value="0.100000" /><property name="lightDir" type="vec2" value="75.000000,-75.000000" /><property name="lightDepth" type="float" value="-100.000000" /></effect><path-stroke direction="centered" end-size="1.500000"><color value="#fff4b446" /><size value="3.000000" /></path-stroke><content>i was</content></text><text id="10342864" label="Cause Copy 4" startTime="1867" endTime="3000" fillType="color" speed="2.618711" mediaFillMode="fill" parent="10342855" size="18.000000" font="googlefonts?name=Poppins&amp;weight=800" wrapWidth="512" align="center"><transform><location value="-11.614810,36.203663,-465.225830" /><scale value="0.300781,0.300781" /><rotation value="-21.951233" /></transform><effect id="com.alightcreative.effects.textspacing" locallyApplied="false"><property name="letterspacing" type="float" value="0.070000" /><property name="linespacing" type="float" value="1.000000" /></effect><effect id="com.alightcreative.effects.longshadow2" locallyApplied="false"><property name="size" type="float" value="0.013000" /><property name="angle" type="float" value="45.000000" /><property name="color" type="color" value="#ffb1a293" /><property name="alpha" type="float" value="1.000000" /><property name="solidity" type="float" value="1.000000" /><property name="fill" type="float" value="1.000000" /><property name="fade" type="float" value="0.000000" /><property name="fadeType" type="int" value="0" /></effect><effect id="com.alightcreative.effects.flip3" locallyApplied="false"><property name="angle" type="float"><kf t="0.000000" v="48.000000" /><kf t="0.573698" v="-9.800000" e="elastic 0.25 1.0 0.0 0.30911887" /></property><property name="axis" type="float" value="0.000000" /><property name="crop" type="float" value="1.000000" /><property name="zdist" type="float" value="0.000000" /><property name="solid" type="bool" value="false" /><property name="solidColor" type="color" value="#ffdd4455" /><property name="thickness" type="float" value="1.000000" /><property name="enableLight" type="bool" value="false" /><property name="lightIntensity" type="float" value="1.000000" /><property name="lightColor" type="color" value="#ffffffff" /><property name="shine" type="float" value="0.800000" /><property name="spec" type="float" value="30.000000" /><property name="ambient" type="float" value="0.100000" /><property name="lightDir" type="vec2" value="75.000000,-75.000000" /><property name="lightDepth" type="float" value="-100.000000" /></effect><path-stroke direction="centered" end-size="1.500000"><color value="#fff4b446" /><size value="3.000000" /></path-stroke><content>looking</content></text><text id="10342865" label="Cause Copy 5" startTime="2167" endTime="3000" fillType="color" speed="3.561825" mediaFillMode="fill" parent="10342855" size="18.000000" font="googlefonts?name=Poppins&amp;weight=800" wrapWidth="512" align="center"><transform><location value="-3.912117,52.261707,-465.225830" /><scale value="0.300781,0.300781" /><rotation value="-21.951233" /></transform><effect id="com.alightcreative.effects.textspacing" locallyApplied="false"><property name="letterspacing" type="float" value="0.070000" /><property name="linespacing" type="float" value="1.000000" /></effect><effect id="com.alightcreative.effects.longshadow2" locallyApplied="false"><property name="size" type="float" value="0.013000" /><property name="angle" type="float" value="45.000000" /><property name="color" type="color" value="#ffb1a293" /><property name="alpha" type="float" value="1.000000" /><property name="solidity" type="float" value="1.000000" /><property name="fill" type="float" value="1.000000" /><property name="fade" type="float" value="0.000000" /><property name="fadeType" type="int" value="0" /></effect><effect id="com.alightcreative.effects.flip3" locallyApplied="false"><property name="angle" type="float"><kf t="0.000000" v="48.000000" /><kf t="0.573698" v="-9.800000" e="elastic 0.25 1.0 0.0 0.30911887" /></property><property name="axis" type="float" value="0.000000" /><property name="crop" type="float" value="1.000000" /><property name="zdist" type="float" value="0.000000" /><property name="solid" type="bool" value="false" /><property name="solidColor" type="color" value="#ffdd4455" /><property name="thickness" type="float" value="1.000000" /><property name="enableLight" type="bool" value="false" /><property name="lightIntensity" type="float" value="1.000000" /><property name="lightColor" type="color" value="#ffffffff" /><property name="shine" type="float" value="0.800000" /><property name="spec" type="float" value="30.000000" /><property name="ambient" type="float" value="0.100000" /><property name="lightDir" type="vec2" value="75.000000,-75.000000" /><property name="lightDepth" type="float" value="-100.000000" /></effect><path-stroke direction="centered" end-size="1.500000"><color value="#fff4b446" /><size value="3.000000" /></path-stroke><content>for</content></text><shape id="10342866" label="1714119410989.png" startTime="33" endTime="3033" fillType="media" fillImage="am:64460C6E24400541FA72A7B03D201330DDD67F5A.png" mediaFillMode="fill" parent="10342855" s=".rect"><transform><location value="67.113663,-155.897415,-249.195068" /><scale value="0.090278,0.090278" /><rotation><kf t="0.000000" v="5.487805" /><kf t="1.000000" v="104.268295" /></rotation></transform><shadow direction="outside"><opacity value="0.580000" /><offset value="-7.000000,4.000000" /></shadow><property name="size" type="vec2" value="360.000000,360.000000" /></shape><shape id="10342867" label="1714118575343.png" startTime="1133" endTime="3032" fillType="media" fillImage="am:DA13EE051E1FA5C5D9598B140E514924DF3EB7BF.png" speed="0.824118" mediaFillMode="fill" parent="10342855" s=".rect"><transform><location value="-53.503895,-52.747303,-350.271606" /><scale><kf t="0.000000" v="0.000000,0.000000" /><kf t="0.287540" v="0.061111,0.061111" e="elastic 0.28273323 1.0 0.0 0.44729507" /></scale><rotation><kf t="0.289626" v="209.922607" e="elastic 0.28059843 1.0 0.0 0.34750152" /><kf t="0.000000" v="250.243896" /></rotation></transform><shadow direction="outside"><opacity value="0.720000" /><offset value="3.000000,7.000000" /></shadow><property name="size" type="vec2" value="360.000000,360.000000" /></shape><shape id="10342868" label="Bentuk 1" startTime="1033" endTime="3032" fillType="color" speed="0.802606" mediaFillMode="fill" parent="10342855"><transform><location value="-26.340443,-40.091831,-373.053436" /><scale><kf t="0.010596" v="0.000000,0.000000" /><kf t="0.251637" v="0.038889,0.038889" e="elastic 0.26423183 1.0 0.0 0.36285353" /></scale><rotation value="1.635007" /></transform><fillColor value="#ffff7474" /><path d="M -180.0 -62.663834C -180.0 -112.36945, -139.70563 -152.66383, -90.0 -152.66383C -52.4711 -152.66383, -11.423528 -125.21716, 1.0817835 -89.63049C 13.8724575 -123.75739, 51.407177 -152.66383, 90.0 -152.66383C 139.70563 -152.66383, 180.0 -112.36945, 180.0 -62.663834C 180.0 -20.88794, 119.34948 50.887955, -1.9515522 152.66383C -120.65051 50.887955, -180.0 -20.88794, -180.0 -62.663834Z" /></shape><shape id="10342869" label="1714120201042.png" startTime="1467" endTime="3032" fillType="media" fillImage="am:E190A81A32586CF60D726E8D44BD2490A1E50183.png" mediaFillMode="fill" parent="10342855" s=".rect"><transform><location value="-39.791389,53.230385,-414.004425" /><scale value="0.145833,0.145833" /><rotation value="-24.382172" /></transform><effect id="com.alightcreative.effects.flip3" locallyApplied="false"><property name="angle" type="float" value="46.799999" /><property name="axis" type="float" value="0.000000" /><property name="crop" type="float" value="1.000000" /><property name="zdist" type="float" value="0.000000" /><property name="solid" type="bool" value="false" /><property name="solidColor" type="color" value="#ffdd4455" /><property name="thickness" type="float" value="1.000000" /><property name="enableLight" type="bool" value="false" /><property name="lightIntensity" type="float" value="1.000000" /><property name="lightColor" type="color" value="#ffffffff" /><property name="shine" type="float" value="0.800000" /><property name="spec" type="float" value="30.000000" /><property name="ambient" type="float" value="0.100000" /><property name="lightDir" type="vec2" value="75.000000,-75.000000" /><property name="lightDepth" type="float" value="-100.000000" /></effect><shadow direction="outside"><opacity value="0.700000" /><offset value="3.000000,7.000000" /></shadow><property name="size" type="vec2" value="276.500000,360.000000" /></shape><shape id="10342870" label="Persegi panjang 1 Copy" startTime="3033" endTime="5532" fillType="color" speed="0.804276" mediaFillMode="fill" parent="10342876" s=".rect"><transform><location value="-3.363983,-10.250519,-345.851807" /><scale value="4.100000,4.100000" /><rotation value="-0.945555" /></transform><fillColor value="#fffae965" /><effect id="com.alightcreative.effects.radialrays" locallyApplied="true"><property name="pointCount" type="float" value="17.000000" /><property name="rayWidth" type="float" value="0.097000" /><property name="angle" type="float"><kf t="0.000000" v="0.000000" /></property><property name="color" type="color" value="#fff4b446" /><property name="alpha" type="float" value="0.730000" /><property name="blendMode" type="int" value="0" /><property name="innerRadius" type="float" value="0.000000" /><property name="outerRadius" type="float" value="1.000000" /><property name="feather" type="float" value="19.000000" /><property name="radialFeather" type="float" value="1.000000" /><property name="bendStrength" type="float" value="0.000000" /><property name="bendFrequency" type="float" value="50.000000" /><property name="bendPhase" type="float" value="0.000000" /></effect><property name="size" type="vec2" value="100.000000,100.000000" /></shape><text id="10342872" label="Cause Copy 7" startTime="3033" endTime="5533" fillType="color" speed="3.929639" mediaFillMode="fill" parent="10342876" size="18.000000" font="googlefonts?name=Poppins&amp;weight=800" wrapWidth="512" align="center"><transform><location value="-5.637354,-1.873815,-390.768921" /><scale value="0.955078,0.955078" /></transform><effect id="com.alightcreative.effects.textspacing" locallyApplied="false"><property name="letterspacing" type="float" value="0.070000" /><property name="linespacing" type="float" value="1.000000" /></effect><effect id="com.alightcreative.effects.longshadow2" locallyApplied="false"><property name="size" type="float" value="0.013000" /><property name="angle" type="float" value="45.000000" /><property name="color" type="color" value="#ffb1a293" /><property name="alpha" type="float" value="1.000000" /><property name="solidity" type="float" value="1.000000" /><property name="fill" type="float" value="1.000000" /><property name="fade" type="float" value="0.000000" /><property name="fadeType" type="int" value="0" /></effect><effect id="com.alightcreative.effects.flip3" locallyApplied="false"><property name="angle" type="float"><kf t="0.000000" v="48.000000" /><kf t="0.173264" v="-9.800000" e="elastic 0.25 1.0 0.0 0.30911887" /></property><property name="axis" type="float" value="0.000000" /><property name="crop" type="float" value="1.000000" /><property name="zdist" type="float" value="0.000000" /><property name="solid" type="bool" value="false" /><property name="solidColor" type="color" value="#ffdd4455" /><property name="thickness" type="float" value="1.000000" /><property name="enableLight" type="bool" value="false" /><property name="lightIntensity" type="float" value="1.000000" /><property name="lightColor" type="color" value="#ffffffff" /><property name="shine" type="float" value="0.800000" /><property name="spec" type="float" value="30.000000" /><property name="ambient" type="float" value="0.100000" /><property name="lightDir" type="vec2" value="75.000000,-75.000000" /><property name="lightDepth" type="float" value="-100.000000" /></effect><effect id="com.alightcreative.effects.gaussianblur" locallyApplied="false"><property name="strength" type="float"><kf t="0.414528" v="0.000000" /><kf t="0.677852" v="0.110000" e="cubicBezier 0.42 0.0 0.0 1.0" /></property></effect><path-stroke direction="centered" end-size="1.500000"><color value="#fff4b446" /><size value="3.000000" /></path-stroke><content>until</content></text><text id="10342874" label="Cause Copy 8" startTime="4067" endTime="5533" fillType="color" speed="3.929639" mediaFillMode="fill" parent="10342876" size="18.000000" font="googlefonts?name=Poppins&amp;weight=800" wrapWidth="512" align="center"><transform><location value="1.447592,44.101734,-622.143433" /><scale value="0.490234,0.490234" /></transform><effect id="com.alightcreative.effects.textspacing" locallyApplied="false"><property name="letterspacing" type="float" value="0.070000" /><property name="linespacing" type="float" value="1.000000" /></effect><effect id="com.alightcreative.effects.longshadow2" locallyApplied="false"><property name="size" type="float" value="0.013000" /><property name="angle" type="float" value="45.000000" /><property name="color" type="color" value="#ffb1a293" /><property name="alpha" type="float" value="1.000000" /><property name="solidity" type="float" value="1.000000" /><property name="fill" type="float" value="1.000000" /><property name="fade" type="float" value="0.000000" /><property name="fadeType" type="int" value="0" /></effect><effect id="com.alightcreative.effects.texttransform" locallyApplied="false"><property name="start" type="float"><kf t="0.010914" v="0.000000" /><kf t="0.443383" v="1.000000" e="cubicBezier 0.0 0.47528675 0.58 1.0" /></property><property name="end" type="float" value="1.000000" /><property name="phase" type="float" value="0.000000" /><property name="component" type="int" value="1" /><property name="anchor" type="int" value="0" /><property name="offset" type="vec2" value="0.000000,10.000000" /><property name="angle" type="float" value="0.000000" /><property name="scale" type="float" value="0.000000" /><property name="stretch" type="float" value="0.000000" /><property name="alpha" type="float" value="-1.000000" /><property name="useFillColor" type="bool" value="false" /><property name="fillColor" type="color" value="#ff00ff00" /><property name="easeIn" type="float" value="0.000000" /><property name="easeOut" type="float" value="0.000000" /><property name="overlap" type="float" value="0.000000" /><property name="shape" type="int" value="0" /><property name="randomOrder" type="bool" value="false" /><property name="seed" type="float" value="0.000000" /></effect><path-stroke direction="centered" end-size="1.500000"><color value="#fff4b446" /><size value="3.000000" /></path-stroke><content>i</content></text><text id="10342875" label="Cause Copy 10" startTime="4333" endTime="5533" fillType="color" speed="4.800708" mediaFillMode="fill" parent="10342876" size="18.000000" font="googlefonts?name=Poppins&amp;weight=800" wrapWidth="512" align="center"><transform><location value="2.271354,68.497299,-622.143433" /><scale value="0.570313,0.570313" /></transform><effect id="com.alightcreative.effects.textspacing" locallyApplied="false"><property name="letterspacing" type="float" value="0.070000" /><property name="linespacing" type="float" value="1.000000" /></effect><effect id="com.alightcreative.effects.longshadow2" locallyApplied="false"><property name="size" type="float" value="0.013000" /><property name="angle" type="float" value="45.000000" /><property name="color" type="color" value="#ffb1a293" /><property name="alpha" type="float" value="1.000000" /><property name="solidity" type="float" value="1.000000" /><property name="fill" type="float" value="1.000000" /><property name="fade" type="float" value="0.000000" /><property name="fadeType" type="int" value="0" /></effect><effect id="com.alightcreative.effects.texttransform" locallyApplied="false"><property name="start" type="float"><kf t="0.010914" v="0.000000" /><kf t="0.443383" v="1.000000" e="cubicBezier 0.0 0.47528675 0.58 1.0" /></property><property name="end" type="float" value="1.000000" /><property name="phase" type="float" value="0.000000" /><property name="component" type="int" value="1" /><property name="anchor" type="int" value="0" /><property name="offset" type="vec2" value="0.000000,10.000000" /><property name="angle" type="float" value="0.000000" /><property name="scale" type="float" value="0.000000" /><property name="stretch" type="float" value="0.000000" /><property name="alpha" type="float" value="-1.000000" /><property name="useFillColor" type="bool" value="false" /><property name="fillColor" type="color" value="#ff00ff00" /><property name="easeIn" type="float" value="0.000000" /><property name="easeOut" type="float" value="0.000000" /><property name="overlap" type="float" value="0.000000" /><property name="shape" type="int" value="0" /><property name="randomOrder" type="bool" value="false" /><property name="seed" type="float" value="0.000000" /></effect><path-stroke direction="centered" end-size="1.500000"><color value="#fff4b446" /><size value="3.000000" /></path-stroke><content>found</content></text><nullobj id="10342876" label="Nol 2" startTime="3000" endTime="5532" speed="0.802528" mediaFillMode="fill" parent="10342877" type="perspective"><transform><location><kf t="0.000000" v="125.302979,0.000000,-79.459961" /><kf t="0.441153" v="-2.044373,0.000000,-79.459961" e="cubicBezier 0.0 0.7349806 0.58 1.0" /></location><rotation><kf t="0.441153" v="0.000000" e="cubicBezier 0.0 0.7006812 0.58 1.0" /><kf t="0.000000" v="15.365853" /></rotation></transform></nullobj><nullobj id="10342877" label="Nol 2 Copy" startTime="3000" endTime="5532" speed="0.802528" mediaFillMode="fill" parent="10342878" type="perspective"><transform><location><kf t="0.138231" v="0.000000,0.000000,0.000000" /><kf t="0.164692" v="-3.136322,0.000000,89.445679" e="step 1.0 0.0" /></location></transform></nullobj><nullobj id="10342878" label="Nol 2 Copy 2" startTime="3000" endTime="5532" speed="0.802528" mediaFillMode="fill" parent="10342879" type="perspective"><transform><location><kf t="0.322670" v="0.000000,0.000000,0.000000" /><kf t="0.678120" v="0.000000,0.000000,278.385742" e="cubicBezier 0.42 0.0 0.0 1.0" /></location><rotation><kf t="0.322670" v="0.000000" /><kf t="0.678120" v="-9.878052" e="cubicBezier 0.42 0.0 0.0 1.0" /></rotation></transform></nullobj><nullobj id="10342879" label="Nol 2 Copy 3" startTime="3000" endTime="5532" speed="0.802528" mediaFillMode="fill" parent="10342880" type="perspective"><transform><location><kf t="0.559637" v="0.000000,0.000000,0.000000" /><kf t="0.862164" v="0.000000,0.000000,-85.458008" e="cubicBezier 0.42 0.0 0.0 1.0" /></location><rotation><kf t="0.559637" v="0.000000" /><kf t="0.862164" v="20.853659" e="cubicBezier 0.42 0.0 0.0 1.0" /></rotation></transform></nullobj><nullobj id="10342880" label="Nol 3" startTime="3033" endTime="5532" speed="1.013605" mediaFillMode="fill" type="perspective"><transform><location><kf t="0.704303" v="360.000000,360.000000,0.000000" /><kf t="1.000000" v="360.000000,403.616455,-88.951172" e="cubicBezier 0.42 0.0 1.0 0.17192227" /></location><rotation><kf t="0.704303" v="0.000000" /><kf t="1.000000" v="-9.878052" e="cubicBezier 0.42 0.0 1.0 0.30421835" /></rotation></transform></nullobj><shape id="10342881" label="1714120574747.png" startTime="3533" endTime="5532" fillType="media" fillImage="am:374E01386F25B16DB095089B934A7C9492D7F13D.png" mediaFillMode="fill" parent="10342876" s=".rect"><transform><location value="5.180695,1.209473,-629.700073" /><scale value="0.512500,0.512500" /></transform><property name="size" type="vec2" value="280.000000,360.000000" /></shape><embedScene id="10342882" label="Kelompok dan Buat Mask 1" startTime="3500" endTime="5533" fillType="intrinsic" outTime="2033" mediaFillMode="fill" parent="10342876"><transform><location value="3.265381,-47.453125,-621.710938" /><scale><kf t="0.631087" v="0.530000,0.530000" e="cubicBezier 0.0 0.6565821 0.58 1.0" /><kf t="0.286768" v="0.000000,0.000000" /></scale></transform><fillColor value="#ff000000" /><scene title="" width="720" height="720" exportWidth="720" exportHeight="720" precompose="dynamicResolution" bgcolor="#00000000" totalTime="2033" fps="30" modifiedTime="0" amver="1028412" ffver="106" am="com.alightcreative.motion/5.0.273.1028412" amplatform="android" retime="off" retimeAdaptFPS="false"><shape id="10019138" label="Proyek Baru 168 [E662AC7].png" startTime="0" endTime="2033" fillType="media" fillImage="content://media/external/images/media/1000118746" mediaFillMode="fill" s=".rect"><transform><location value="360.500000,418.500000,0.000000" /><scale value="0.508333,0.508333" /></transform><property name="size" type="vec2" value="202.500000,360.000000" /></shape><shape id="10019137" label="Persegi Panjang Bulat 1" startTime="0" endTime="2033" fillType="color" blending="mask" mediaFillMode="fill" s=".roundrect"><transform><location value="360.000000,360.000000,0.000000" /></transform><fillColor value="#ff5b62dd" /><property name="size" type="vec2" value="100.000000,100.000000" /><property name="cornerRadius" type="float" value="25.000000" /></shape></scene></embedScene><shape id="10342883" label="Lingkaran 1" startTime="3033" endTime="5533" fillType="gradient" mediaFillMode="fill" parent="10342876" s=".circle"><transform><location value="-112.356804,99.328423,-376.120453" /><rotation value="-0.247162" /></transform><fillColor value="#ffc1e4a1" /><gradient type="linear" startColor="#ffffdda2" endColor="#ffffffff" start="0.000000,0.000000" end="1.000000,1.000000" /><property name="size" type="vec2" value="100.000000,100.000000" /></shape><shape id="10342884" label="Lingkaran 1 Copy" startTime="3033" endTime="5533" fillType="gradient" mediaFillMode="fill" parent="10342876" s=".circle"><transform><location value="109.807236,-113.339211,-483.558685" /><rotation value="-0.247162" /></transform><fillColor value="#ffc1e4a1" /><gradient type="linear" startColor="#ffffdda2" endColor="#ffffffff" start="0.000000,0.000000" end="1.000000,1.000000" /><property name="size" type="vec2" value="100.000000,100.000000" /></shape><audio id="10342892" label="PRESET ALIGHT MOTION HER - JVKE __ SIMPLE GMV TRENDING STYLE(MP3_160K).mp3" startTime="0" endTime="10232" src="content://media/external/audio/media/1000118689" outTime="10232" mediaFillMode="fill" /><shape id="10342930" label="final [19CF826].mp4" startTime="5500" endTime="10232" fillType="media" fillVideo="content://media/external/video/media/1000118776" outTime="4732" mediaFillMode="fill" s=".rect"><transform><location value="360.000000,360.000000,0.000000" /><scale value="1.333333,1.333333" /></transform><property name="size" type="vec2" value="360.000000,270.000000" /></shape></scene>